folder,min_train_loss,min_val_loss,min_val_mae,max_val_r2
runs,0.09001971767283976,1.003895376409803,0.8185975872553312,0.6458707410342986
