folder,min_train_loss,min_val_loss,min_val_mae,max_val_r2
runs-yolo12,0.20359441318682261,0.591717059413592,0.5678540745446848,0.6986759989500104
runs-yolov10n,0.12692805619112082,0.8716480036576589,0.7674688045368638,0.5025003364827269
runs-yolov11n,0.13209632420468898,1.1554655333360035,0.8823492055715516,0.3505827085964822
runs-yolov11n-r-att-conv,0.2119969997022833,0.7557119131088257,0.7174622264019278,0.5488151837316277
runs-yolov8n,0.16567043064250833,1.242057333389918,0.9503687952840051,0.2848703519462795
runs-yolov8n-r-att-conv,0.1431033013477212,1.3626233339309692,0.8841036225474158,0.2732315573887447
