folder,min_train_loss,min_val_loss,min_val_mae,max_val_r2
runs_convnext_tiny,7.712514992487162e-05,1.0791027049223583,0.6794867298819802,0.47227926574850276
runs_densenet121,0.02066401866349307,0.8905247350533804,0.6669300740415399,0.568824686894124
runs_efficientnet_b0,1.877160825512626,7.243603547414144,2.227562735026533,-2.388570604987098
runs_mobilenet_v3_large,0.0587974258444526,1.1665267546971638,0.7788932702758096,0.4320623862042198
runs_resnet50,0.015982319219884546,1.1756791671117146,0.7661286050623114,0.4378281047503527
runs_resnext50_32x4d,0.04285382335497574,0.8784589568773905,0.7472633556886152,0.5719686644350004
runs_swin_tiny_patch4_window7_224,0.007855573753741655,0.9763139486312866,0.6982443115927957,0.5244190662767975
runs_vgg16,0.0844836292619055,0.9713385701179504,0.713033838705583,0.5364448377041338
runs_vit_base_patch16_224,1.057032828942862e-05,1.2526590178410213,0.7492398348721591,0.3803710486484675
