folder,min_train_loss,min_val_loss,min_val_mae,max_val_r2
runs-yolo12,1.5930129176094419,1.9383110602696736,1.0627474258112353,-0.07842172929561597
runs-yolov10n,0.15591575631073543,0.9333687424659729,0.7596462909565416,0.4903821894289443
runs-yolov11n,0.1727257456098284,1.0063173472881317,0.811809032462364,0.434971767743489
runs-yolov11n-r-att-conv,0.2544776045140766,1.153237650791804,0.8563232560490452,0.34482077354912943
runs-yolov8n,0.2219476497599057,1.48476243019104,0.9479440561560697,0.20183643147358243
runs-yolov8n-r-att-conv,0.18544688430570422,1.9443944891293843,1.1264801330344623,-0.06612266076351281
