folder,min_train_loss,min_val_loss,min_val_mae,max_val_r2
runs-yolo12,1.0426548251083918,1.0977032383282979,0.8369125515915626,0.38685766502213315
runs-yolov10n,0.13988735149836257,1.0786209106445312,0.8540450112764225,0.4321339196345416
runs-yolov11n,0.14974691736556234,1.1192544599374135,0.8727364845054094,0.38807663620654076
runs-yolov11n-r-att-conv,0.20777444887374127,1.6818406482537587,1.0748780522235604,0.0837421492710857
runs-yolov8n,0.1895608582666942,1.2155806024869282,0.8276959713115248,0.3780940545589374
runs-yolov8n-r-att-conv,0.17522355488368443,1.3628711501757305,0.9825356089791586,0.22389390508591056
