folder,min_train_loss,min_val_loss,min_val_mae,max_val_r2
runs-yolo12,1.5524529502505349,1.2291497985521953,0.9008322898731675,0.3330771939936905
runs-yolov10n,0.1530193347661268,1.0717963874340057,0.8191395332646925,0.3983598064933791
runs-yolov11n,0.15746715181462823,1.0856959323088329,0.8358581648316494,0.4174244835591817
runs-yolov11n-r-att-conv,0.21150015968651997,1.1429184476534526,0.9075343636579292,0.3546913751743148
runs-yolov8n,0.24612015130973997,1.6801547010739644,1.0528449596360672,0.013360825490388084
runs-yolov8n-r-att-conv,0.17986525382314408,1.5506968001524608,0.9064980079961378,0.2924914708523678
