folder,min_train_loss,min_val_loss,min_val_mae,max_val_r2
runs_convnext_tiny,0.0015019160667758445,0.3400425414244334,0.41567915262177935,0.8165320044310796
runs_densenet121,0.031087829646739094,0.49739568928877514,0.5442749982656434,0.7254748049948135
runs_efficientnet_b0,1.6688463904640891,10.867553234100342,2.689070779223775,-5.441163164091206
runs_mobilenet_v3_large,0.05231913721019572,0.5297173261642456,0.5627999777017638,0.7056978129510763
runs_resnet50,0.01420686190778559,0.6050555805365244,0.6305787147477616,0.6539022663985448
runs_resnext50_32x4d,0.05121470750732855,0.5275378624598185,0.5562376282935919,0.7095564914431038
runs_swin_tiny_patch4_window7_224,0.006038117434152148,0.4658195972442627,0.5218768202981283,0.7458645531125869
runs_vgg16,0.056907873431389984,0.4282890458901723,0.4882014768068181,0.7687095994512205
runs_vit_base_patch16_224,8.717294145877862e-05,0.4011826713879903,0.46725708107615627,0.7821279275787518
