folder,min_train_loss,min_val_loss,min_val_mae,max_val_r2
runs-yolo12,1.2765248204980577,0.9375759561856588,0.8012569810068885,0.44919060699734403
runs-yolov10n,0.13478272239721956,0.9216514925161997,0.803473619527595,0.4885225380420295
runs-yolov11n,0.13110480262410074,0.7725163151820501,0.7279084809990817,0.5546655344758064
runs-yolov11n-r-att-conv,0.16940974355453536,1.405338039000829,0.8840718407963597,0.2434902942438648
runs-yolov8n,0.15736140967124984,1.0945967932542164,0.8724530269933302,0.3922997717487814
runs-yolov8n-r-att-conv,0.1976983519714503,1.177447905143102,0.8274265694063764,0.36617090125548735
