folder,min_train_loss,min_val_loss,min_val_mae,max_val_r2
runs-yolo12,1.4358997380449658,1.65656778216362,1.0153425044791644,0.11235974541075122
runs-yolov10n,0.11679517264877047,0.7990197340647379,0.7203943147215732,0.5190613716600525
runs-yolov11n,0.12785565573722124,0.8525843421618143,0.7425380778867144,0.5044424226605093
runs-yolov11n-r-att-conv,0.19923157440054984,1.3575667937596638,0.9725970584292745,0.247301071192078
runs-yolov8n,0.16541538085965884,1.2627012729644775,0.8995595726855966,0.3121247874452069
runs-yolov8n-r-att-conv,0.208400913203756,1.7228554785251617,1.060709412707839,0.055788962004150955
