folder,min_train_loss,min_val_loss,min_val_mae,max_val_r2
runs_multimodal_convnext_tiny,78.91762834328871,3.9906158447265625,1.51738600730896,0.5162889524647609
runs_multimodal_efficientnet_b0,7.631380328765283,12.037800788879395,3.081300514936447,-0.45912725556926404
runs_multimodal_resnet50,2.3960958398305454,4.088877201080322,1.4500998973846435,0.5043785526511475
runs_multimodal_swin_tiny_patch4_window7_224,98.6837381216196,8.256636619567871,2.5116570711135866,-0.000804467988208657
runs_multimodal_vit_base_patch16_224,79.37233946873592,4.676413059234619,1.8379112005233764,0.43316203406852816
