folder,min_train_loss,min_val_loss,min_val_mae,max_val_r2
runs-yolo12,0.3167224033247857,0.6780939598878225,0.5911767455034478,0.6349022645290128
runs-yolov10n,0.14750365948393232,0.8008409937222799,0.7364507248235304,0.5332404259401251
runs-yolov11n,0.12869783632812046,0.8650337556997935,0.7242278969565104,0.49405211929785053
runs-yolov11n-r-att-conv,0.17047694946328798,1.0295747717221577,0.8441806920739108,0.416044083715308
runs-yolov8n,0.15899307653307915,1.2912334104379017,0.880919198657191,0.28762732556704684
runs-yolov8n-r-att-conv,0.1494170861939589,1.1199349860350292,0.8317283336506334,0.3671002267314746
