folder,min_train_loss,min_val_loss,min_val_mae,max_val_r2
runs-yolo11n-AFAR,0.21666029964884123,0.8031613479057947,0.7667976007905117,0.5200902575995761
runs-yolo12n,1.0803572067192622,1.2319655219713848,0.8300535373909529,0.3267846356341656
runs-yolo8n-AFAR,0.1810219848439807,1.0765623797972996,0.7384277582168579,0.46637374024491807
runs-yolov10n,0.16690054447168395,0.9088160221775373,0.7253264770951382,0.5625554343043642
