folder,min_train_loss,min_val_loss,min_val_mae,max_val_r2
runs_multimodal_convnext_tiny,91.59268078437218,5.818421840667725,1.9813170194625855,0.2947367435120868
runs_multimodal_efficientnet_b0,3.717733309819148,7.180129528045654,1.7587565898895263,0.1296813259996461
runs_multimodal_resnet50,1.6163355157925532,21.336715698242188,3.531787872314453,-1.5862685643752856
runs_multimodal_swin_tiny_patch4_window7_224,98.67489763406607,8.230561256408691,2.507302498817444,0.0023560785545880814
runs_multimodal_vit_base_patch16_224,98.51954716902513,8.256465911865234,2.493396830558777,-0.0007838325627309572
