folder,min_train_loss,min_val_loss,min_val_mae,max_val_r2
runs_convnext_tiny,9.633266102520628e-05,1.0742166837056477,0.7381553541530262,0.5022748137052284
runs_densenet121,0.02961089622906663,0.9235360225041708,0.6796507239341736,0.5640508838021827
runs_efficientnet_b0,2.0852455009113657,4.453959782918294,1.707403171976859,-1.0436721463613532
runs_mobilenet_v3_large,0.06539940732446584,1.2433115641276042,0.8582183231006969,0.40264116210757406
runs_resnet50,0.015896910505199976,1.040686806042989,0.7515628175301985,0.5002422861721405
runs_resnext50_32x4d,0.046456616541201416,0.9076429903507233,0.7111662734638561,0.5623832365967258
runs_swin_tiny_patch4_window7_224,0.006952119229192083,0.8150828083356222,0.6334196816791188,0.6078028686257667
runs_vgg16,0.08038325810974295,0.7672704855600992,0.6304285038601268,0.6394472200056358
runs_vit_base_patch16_224,0.007125175637239326,0.9757966796557108,0.7266293168067932,0.5284872501284501
