folder,min_train_loss,min_val_loss,min_val_mae,max_val_r2
runs-yolo12,1.5344413277648745,1.8474553028742473,1.092205432958381,-0.023605322484925084
runs-yolov10n,0.1296219855014767,0.951179693142573,0.7546394342599914,0.48908911126883603
runs-yolov11n,0.14097226521975936,0.8496784369150797,0.7420805415441823,0.5392467672391351
runs-yolov11n-r-att-conv,0.2271171235257671,1.44294140736262,0.9936226495476657,0.2208028073271151
runs-yolov8n,0.20855992216439473,1.4550133049488068,0.9161386628483617,0.22569326771474651
runs-yolov8n-r-att-conv,0.21397779642471246,1.458415612578392,0.9388120313023411,0.24428816357739846
